"(Intercept)","abv","no3","ptisn"
95.876776687392,3.75880979684708,34.3629172905466,57.7734818887749
1.8883143748366,2.97392948109914,2.74669319247901,5.81105670104984
2.85549354588554,2.87846680062778,3.18239512727054,7.2041348514182
13.1529856972399,3.2164790300021,6.77224288943426,12.6492329169416
9.32326395172209,3.03062600899927,5.20031690689512,9.64035987418806
6.34875666813009,3.04855732690741,4.33087587230762,8.58025909847538
11.2326626108361,3.24895844643928,5.59974321103762,8.81908850234591
14.296722859068,3.32275576669204,6.87072229821606,11.665281487231
5.02408845251944,3.4237901300155,4.05118349168173,8.04772809195294
14.7273394815069,3.41379225006544,6.14643992121328,7.53087579149852
5.30244013327273,3.31689336244746,4.22937784095886,8.62759515919369
9.16093442359225,3.11565117124796,4.75036264005829,7.17854138331421
6.57043969178956,2.89429185501511,3.80251792471935,5.72255176653249
11.7322769689777,3.13631958131976,5.77231195072042,9.2255157396322
12.4263901828103,3.4517780177363,6.24980061944967,10.5475620263739
6.54835123868719,2.69389043528311,3.78735825200965,6.12137917032747
8.94261956199795,2.95954141424972,5.25156583607624,10.2970509662666
59.2427905550714,4.02133641869684,20.4327604106331,29.3012462166346
8.33150067996362,3.49085209019064,4.91332959025292,8.39225113319287
31.7963820715686,3.3823454603676,11.496076351283,14.5768272784012
5.66967751726092,3.36457120680961,4.02826351757817,7.11009575589961
19.8155903596309,3.16129676353285,8.42252172436575,13.5635190750756
33.9330633714796,3.75458077306752,12.9985595146376,20.2102727966541
61.0049976193926,3.16886713745993,21.6074139063713,32.8495695237346
7.77131481372873,3.46106075071198,5.02387442525119,9.12774394819533
6.71714940419946,2.79711107119743,3.97222398806393,7.06694608884032
8.85141370129135,2.85620077000663,4.56026447206407,6.96217280455357
23.3952595888409,3.44782882073081,10.2975529082356,18.775521320787
5.65083109769462,3.17004590225192,3.83683053138727,6.45516404505054
11.7924400873755,3.27836475768696,6.03892703238972,10.5301951206363
9.28873662137675,2.97690102473133,5.37207364898188,9.98011774409296
14.3233071046473,2.95072537382457,6.47442148236369,9.86115056071915
21.0788803605934,3.02474354035045,8.3981627748838,12.66716364289
148.808090949506,3.3097091019723,46.2541242076579,60.4929083831531
9.40076637488248,3.26411148527609,4.72234226933381,6.45581672638458
10.9623519943203,3.83058019581172,6.39449259524956,12.7536962212731
16.8660334404415,4.75092423649465,7.98934037691097,11.8067471045871
29.0485355428248,3.17645171731106,11.6150309241973,19.2435015384843
34.2928461458387,3.37887832218756,12.284628422793,15.8956281871352
16.7945392651531,3.0809936923867,7.12052277719177,10.4756711345381
15.9181717061151,3.46141918622463,6.9588587908038,10.066160917524
0.989267056118806,3.06641650052087,3.09048124582718,8.47694676055094
10.2228096949777,3.09066792392017,5.14392875985287,8.14847250756795
33.4363973150506,2.83478456398948,12.7797997309173,20.4870068774618
12.1036162029905,3.32376405684091,5.92180547533515,9.00877721670303
8.01482869710608,3.12720484456249,5.04718934299056,10.2846490164237
-0.0934924613242671,3.22869323743195,2.46489770953158,6.35022831563329
6.38353671047158,3.38456553117843,4.72866180927789,9.55487382710674
9.38464217148104,3.36020652044983,4.98064937939822,7.67837105153549
11.5917116820508,3.39834190148695,6.1770827095339,11.7029260961304
17.9568082278845,3.74712147849959,8.10113477866184,13.0963960213383
21.6646775824703,3.1090575728033,8.99512313206574,14.1628040977775
18.3780263137171,3.38085428732693,8.3836378087225,14.6592229763751
13.954664700514,3.16149594256738,6.10868217097975,8.62667858789526
7.91984071720807,3.18545350045334,4.88158624031183,9.19955066682836
57.2880831419396,2.84681785430979,19.7769304534353,29.2177759599661
6.97005089801431,3.2164942565502,4.32176513146969,7.23921664030861
11.0401510883345,3.59532276939209,5.59356164711188,8.40575543830922
8.71218508177315,3.66390149922024,5.07921078402732,8.50867726461969
11.9741475952427,3.23151401434522,6.12734107704167,11.4511706259238
11.377446706487,3.55396731849287,5.80953425869161,9.1634367216162
3.70323244415663,3.1866244061505,3.55978248861221,7.31988510635743
-0.400497719601103,2.92544318827325,2.25661204184686,6.07527909933036
20.3669976223957,3.2514515409651,8.41988358677273,12.6787615090681
10.1398590502938,3.10663874267914,5.64439189203791,10.3436245980988
10.7706645639463,3.3626122268765,5.55561482446649,8.84910432033826
9.7689029885714,3.04024959392112,5.35612425393835,10.2179996754882
8.31356088944144,2.96303302222499,4.8392297701579,8.91286337736687
8.92943297029603,3.69056134441807,5.42993060046623,9.67267291321312
37.6421979553601,3.8184690834964,14.7224003580702,24.5281279929652
1.33086134249101,2.88301275137011,2.79535838471645,6.8036251439448
2.082154223047,2.94477038516867,2.86160629924276,5.91268362260923
2.23779864401611,3.27541519192266,3.04406140082277,6.08238840317141
8.88013727320912,3.32510089944212,5.26523748573647,9.67455388025301
16.2397926676241,3.27207461135658,7.05776248792731,10.1692749743131
31.5244569889628,4.36259987321962,13.352262291892,22.6715010279926
-0.100876790694713,3.18388269400741,2.42493774160782,5.97543202784958
0.6072169450007,3.43368961026241,3.01589756199722,7.31442342888153
6.4780151407113,3.21395997879303,4.62844949561288,9.46421679778533
12.2133760333969,2.93201198265748,5.83531859998307,9.3286948644206
-0.491554129235026,3.05751013978316,2.36715388136852,6.73080180242536
17.3964197272156,2.92730062911885,7.70942746745939,12.6320137286181
8.67625268851772,3.24741896993015,4.81051563905936,7.55534822007996
54.933605495135,3.41839019267154,18.7210713522297,26.584498810528
41.3954981831535,3.14193108229649,15.0755605639502,22.7150186220958
5.7387349206522,2.98811803064556,3.80432289487373,6.58277302681955
6.56826873453693,3.13405434042851,4.51102475097114,8.70074663549931
15.1641680728523,3.17431467668965,6.74343940102834,10.1211311052224
5.37297728892084,2.88071669319162,4.17804059453013,9.04469290914624
122.726800754593,3.70433554341473,41.6601532767684,62.3089781048328
0.641781950064089,3.18134980460845,2.62154473059684,6.22147558049187
24.0567275719515,3.76065764479712,10.1142333665073,16.5306654362925
17.4697534806469,3.31291183464272,7.95339900684386,13.6005671384834
10.112638312067,3.30154305714047,5.45708020138807,9.48865270510327
6.18519555406609,3.46386725009124,4.7994385852151,10.0644950503533
10.397954022973,3.58655585842964,6.21759515292031,12.0098196024519
4.2599983434181,3.20559826265954,3.50191403182857,6.37991487028301
1.72893364654407,2.81391759900203,3.04163120473651,7.95871817735191
29.1908194794372,2.95229302532137,11.2202801493015,17.9646045423059
12.5723535070626,2.91341055942465,5.70914808879043,8.44928161494373
2.27469122021902,2.85032090543076,2.71984656042873,5.66203878969708
4.79091498683077,3.44434808272322,4.05558854135782,7.92504155352514
6.32029736124237,3.12508691201813,4.05988244009757,6.84408163274294
2.88043773325943,3.3689633865772,3.22866618930034,6.22520017828955
15.4564687462863,3.48267974787237,6.497963986952,8.30471473215347
18.5250752336809,3.07211366837214,7.3431082829869,9.92526624565269
3.69379208585294,3.13473228769657,3.34667838336213,6.28533982204334
7.76622478109425,2.90812522254933,4.35221124024912,6.9245912898136
12.915284390847,3.42406173091442,6.11250607499982,9.46608999990593
10.1815896432992,2.8756789144541,5.29643759926104,9.85739946328459
0.147592345066212,3.81358134200205,2.92654240871678,7.05660940347828
6.94319988168173,3.347177904644,4.78132944585047,9.34684964360398
6.65343075315526,3.19504693494146,4.02215072153573,6.65149559081885
53.3807953145564,3.3114113423072,18.7571803066371,26.9994010567376
4.20843230950081,3.01258127183427,3.37081383612709,6.15939418789733
4.05245176971854,3.39851155659194,3.52252810993187,6.33494504238262
18.9320771008906,3.03731041615847,8.10183017052786,12.6685911265132
12.8734856027789,3.24977681009454,6.61781702520338,12.238698091091
9.66186541765915,3.12954698787604,4.90944844038103,7.14298026039826
19.6219520844568,3.28975053827222,8.47864729706312,14.2739832887934
18.8084018965137,3.1385058679041,8.39603945660164,15.0813034387238
5.43542525164552,3.2723110931806,4.2161867891481,8.74679832296883
2182.48587908177,3.70978060234552,684.799878771502,1037.23590274083
17.331235053671,3.11330132387625,8.26309373427791,15.8803734155836
12.9633139308969,3.55897111820197,6.74639866064856,12.6033830677774
15.7329011463517,3.50565865986608,7.6647594121849,13.6573996036145
-0.515576189447219,3.46979232545276,2.51163026925089,6.00841722433175
3.73280076647166,2.85614419346337,3.29002313997861,6.91369491375082
8.18571760605002,4.08730916069395,4.84563897521822,6.87778725042224
58.1833253152281,3.56134931427241,19.9332293735632,28.0241742887571
18.1996656298419,3.51516427857051,7.97920816173407,12.5304706733819
8.64359145352241,2.86668467119296,4.7169152657959,7.90796185228628
17.9453755350109,2.90048226950615,8.22623958822938,14.622521055414
15.6841877252939,3.2412737710126,6.73717558527195,9.78062262705395
5.4233460651239,3.25747978746344,3.83256599505792,6.84341667408099
10.4659120539755,3.79749475900367,6.10558670913823,11.1385872881541
17.4650693658068,3.88358465392255,7.95469853059175,12.3104095742314
21.9984614079832,3.15718169409172,9.10695269831332,14.3391830890207
13.2733145772873,2.73040020350812,5.82962406241436,8.83433133550699
5.9698096742355,3.51368425009911,4.35766544315928,8.41804089080261
24.7590884167341,3.21743367225069,9.53078616092075,14.5214117653146
6.16929156736812,3.11816609309007,3.96286062069262,6.23202680748971
-0.429578911271274,3.60996804089592,2.77412358235235,6.79767897250166
11.5522315777161,3.42237119174651,5.73923844544546,8.97292672144824
33.3665543895491,3.22273882283313,12.4744242476126,18.5798484972759
11.8375856388715,3.40999782193999,5.98560553692487,9.655183083888
22.7511734621382,3.30491825701944,9.10079305713981,13.831739966761
19.520215718216,3.48503088799953,8.0873700380155,11.2621351776396
17.2828305712134,3.02291328096112,7.22787860676766,10.3198709132509
8.53012123524805,2.75506150357363,4.44226166056347,6.73711394650735
9.11581281466423,3.40764765611441,5.53283029506904,10.1065147868061
6.79178970538193,3.4602659499558,4.59946116522986,8.48574339508303
4.77050778896462,3.04968545225774,3.97282506602699,8.56434869857847
17.3187310520879,3.55659704436595,8.18300351496221,14.203317593232
15.7180468772849,2.89648461930578,7.12505503336253,12.0786974150776
11.6946794575749,3.55657953484943,5.71540218298694,8.55723192317922
9.34074761975785,3.14087983861725,5.14002249454521,8.93331169877031
3.04671220615393,2.95281082197877,3.09781099645594,6.27658443420111
11.7349627143335,3.60017196623773,5.70287250203859,8.23274475343251
6.47635944648716,3.10394050829705,4.27315950225728,7.69113621312364
-1.47005730513924,2.88721810466373,1.80841631905877,5.22873286110551
10.8223642303776,3.46265841692804,5.35768906427711,7.9290977397434
9.28803110125002,3.11565333034978,5.12437248046628,9.22917127149306
13.4231315658146,3.06801488629278,6.84594347725193,13.0951241696807
10.1239640827581,3.61447300983107,5.06564635513287,6.89585985223459
11.0721412422727,2.89800196970686,5.47173918111085,9.22952760515937
5.09516506863966,3.1620145142874,3.69477473774357,6.76756294150506
10.6818060772844,3.3539028399609,5.44000176921873,8.47789369238813
7.57679981516966,3.12015861724996,5.28140094269731,11.2271764232833
13.4117730227744,3.21355184981777,6.75828064876774,12.5448561992519
4.77443140221122,3.18153272206463,3.7728762475274,6.91664698710989
4.11803637694985,3.25928099387248,3.49796947764495,6.78044894692738
6.61792683708816,2.86983764902986,4.24588211970903,7.88714924990057
6.85117989614562,3.19324185806384,4.12843576231067,6.6006779865457
18.7329615832893,3.48269835310415,8.32672001429095,14.042028089597
0.201373197398917,2.96625394774475,2.19762463292298,4.98165319709943
5.15731342173774,3.14206763616035,4.09273068465323,8.18787927321199
5.72701720113941,3.60071597670973,4.38646135624814,8.43968656003745
7.46224803337518,3.31786568613967,4.50133805685749,7.95635183732722
4.5890843534857,3.54766825412563,3.88341712453124,7.14842921367735
13.0320215342251,3.27571246217228,6.94934612144598,13.695244948719
3.96162487049615,3.59929888537816,3.76799319516669,7.24481037422461
51.6272534646612,3.5936526743536,19.2316146006225,31.6737920276791
6.18019933295109,3.09872417189102,4.19955796641461,7.81046063213483
16.2001669609008,3.25142803195727,7.22411961507622,11.9354335767151
27.9999781299089,4.06842007823743,11.15862209891,15.8757198661472
6.91219770309351,2.73924841068976,4.16595012739334,7.98843393797716
8.2856162602827,2.82549736889777,4.53150850711779,7.5829344164953
16.1848498781678,3.1697974220463,6.85717503945415,9.87317998873849
26.1876180369705,3.09452861409881,11.2750976835899,21.5045222399704
769.282958394615,3.14685987360515,250.824740877376,424.033576202271
7.89762627644815,3.20099893800374,4.63467509377128,7.91378216311817
8.10158335930814,3.02824680616784,4.78167244193529,8.83456009166025
23.8942702322023,3.25344664263597,10.1305804461332,16.4674696489509
10.5415010044077,3.68009122183991,5.68892355060527,9.27937630745706
1.92129493441086,3.47575508687528,2.98464685295151,6.35862960045971
7.08032946609601,3.16829467680494,4.30226137889615,7.31323934184331
10.8877236974245,3.2169036132361,5.72374151035673,9.82016148888844
5.76898412869513,3.16598975762266,4.94527579935328,12.3066642057052
4.29505850630484,3.5080396302555,3.97707797559274,8.12505300938661
10.973185216216,2.61976988853402,4.98086486073296,6.76198895263291
15.2695684310657,3.40075391714422,6.54418798791291,9.17340281707885
6.22356999835095,3.53236004866999,4.18261252992878,6.89172276631943
0.679612101529703,3.28048485671939,3.21265392586069,9.19967267727218
6.09138048952502,3.30486217563504,4.38316485268235,8.56051840699597
18.6975713247753,3.32249341749344,8.35266825662151,14.1246838709121
8.652214650212,2.96680100371627,5.0201129317508,9.34953551054846
4.24701609225696,3.37291154279196,3.60498048420186,6.26677165452492
4.39148385970475,3.10172933441298,3.62491416286043,7.43711916893105
27.4302499758412,3.5910021696249,11.6566416267708,21.1392489117233
10.7384580896692,3.29420096435931,5.37206499681505,8.3021669782694
11.4171378518283,3.45965892763228,5.34265235856486,6.98223263453003
18.45569432579,3.40533840526867,7.85712216417294,12.4992448711078
2.06370710074481,3.22945973919782,3.09057391648809,7.07637316084831
14.5605622270423,3.47722509702073,6.38193318409518,8.68525485611826
4.89929414950594,3.28446352406488,3.76986561707626,6.80707913400291
41.3894463666028,3.60099040471298,14.6302288353903,20.0447240780202
20.0767282583739,3.17747131759687,8.44192934902066,13.1188749504426
1.7040759462399,3.16590369852317,2.78707854433689,5.87834857787764
9.19304815547493,2.78869374259914,5.00237236189634,9.39960284767871
183.95801122451,3.62887354548517,62.6040207492874,98.3229120477701
8.49755165464776,3.05774251579593,4.54425425018668,6.80476750608443
15.9337447955464,3.03409665312566,6.72042294717504,9.84165691032415
6.13235876860691,3.58847647574808,4.79535056422046,9.7686485633258
14.5687910429393,3.22980662927568,6.81652386068884,11.459450060516
7.29475808140446,2.93044382051923,3.85963354890829,5.34950770691957
0.872208899935293,2.59217125746328,2.48983302913427,6.69150174576812
14.0273605536374,4.28919989039108,7.11945537077067,11.1663557341409
-0.89429430412666,3.26681349359658,2.41409849470581,6.46593592304933
23.9129051089662,3.65228302306136,10.1618474778869,16.4982333818169
9.29013266377947,3.08123453383521,4.93161115854305,8.25710780393875
23.557788842112,3.19173779051381,9.91116297633127,16.8674548869788
8.99937120692701,3.22647330886815,5.04359484616008,8.47238491181551
10.3680328736122,2.98514577875372,5.61438415113641,10.5024990976057
10.5412264280488,3.59661991953704,5.26016282848164,7.20617256535831
15.1918399027945,3.75619641205546,6.48850138823989,8.46802225864331
17.1046716366616,3.29515068433834,7.70684057224644,13.2516506383213
8.41481947424906,3.21323030546942,4.74316583995234,8.04173653216252
13.1926170080807,3.06632315761401,5.98336224003834,8.964125693364
0.683374077995574,3.22737349192352,3.15841833505945,9.01027310057583
79.5124968627539,3.51534609345101,26.9423051696334,40.2157972346852
10.09721547865,3.16083333170749,5.18437885380515,8.52567976325783
7.91795004342451,3.15338864377132,4.56498989541703,7.58110612622109
4.04862159028681,3.41587076263373,3.98812833914309,8.39982475551148
29.6375061590493,3.29239973565602,12.7502923877247,23.8124679179437
-5.47044379344305,3.27091563109233,1.1000950588047,5.33711392162242
22.7542113784697,3.5580856333653,9.81374969096109,16.4614434880821
11.8355349303357,3.30812991802759,5.99392922417852,9.9654385541912
13.2316272802078,3.87446821940494,6.40497330893098,9.30529998272546
7.46526770899112,3.53116846246223,4.27266588832915,6.08177574860019
17.0620785811075,3.9091163382295,7.94260299964485,12.3564675932877
10.6531985689416,3.42842439663034,6.04192801645376,10.7792335219437
2.34687670563751,3.05596998014702,2.98676811364563,6.10817875391527
34.3738801040668,2.85056804407218,13.1797275210753,22.1084189744485
8.53327996211216,3.181565509715,5.25492528968885,10.0683211145814
8.32919407617985,3.02703607527622,4.90664638608401,9.13547786764352
7.76823358137484,3.12081589503891,4.49806772330612,7.57512181924335
26.8226899033327,2.96015157698722,10.6056858245379,16.9757187349284
10.3221492346846,3.24025425281409,5.64129449052304,10.3168141735265
12.5761777285195,3.33573213598574,6.23096123643577,10.3725803569335
8.82862707610733,3.14210355124085,4.72412660420735,7.68427422026691
6.49457963711549,3.58229373086429,4.33446825845996,7.04077877697341
13.0475879251954,3.47762962608036,6.15741721997895,9.11036861683458
6.12163301209468,3.03595181322822,4.36278901338743,9.10181040851293
16.2475203077163,3.24626332818632,6.79713103940546,9.29885249334768
7.60664355582526,3.49647199458711,4.56982587012923,7.11338217359807
7.88820577058247,3.14968602437766,4.49165988469179,7.27269166510357
17.0522988449404,2.98614389175643,7.38153276868582,11.7513997769978
9.91824723741692,3.40616908925936,5.18634368810062,7.85442536035201
2.53842437889433,2.76275808636791,2.84686772987681,5.84205413730848
3.88106183061828,3.26358371427846,3.64669071481402,7.1645528959946
10.0460351583837,3.15762802958749,5.16898121648705,8.04142095629719
2.62155404937293,3.14365688634327,3.26896113921324,7.31646110338526
11.7382127619012,3.28235163439255,6.23197714218441,11.3521675710622
10.1039197713983,3.23909839184724,5.05781797407958,7.4465697440644
7.50042055067367,3.4542252752591,4.87105812346766,9.60444037634023
10.8906059362599,3.21452646734351,5.84192880564741,10.4707398419741
26.9512260818989,3.28840295278234,10.5897507841169,17.3882580153116
8.48043450977506,3.36286735819298,5.00811787164518,8.99486258397499
9.12458596684148,2.80777636284906,4.77524411050329,7.87708880893552
0.365210764201652,3.05376890715753,2.51220520014272,6.02997779783996
-0.471365296367685,2.91327575149787,2.20289397584657,6.11509832843867
15.6132374223249,3.43244423638234,6.81606487058321,9.89433474501899
7.14539007900696,3.16969792791886,4.50361072282385,8.38454229578856
6.71281650718163,2.5896545020433,3.90976660552393,6.58201313769165
13.9546897405992,2.89236841961054,6.88137668620916,12.8467453640394
3.10760689332124,3.0389130441124,3.22335602423907,6.36432164685704
7.58652137249084,3.38209749122968,4.32229564448713,6.63698121249404
19.1270205363326,3.57139644930499,7.70840799566983,10.3390448909156
3.01677957421732,3.22269663797961,3.22837459049061,6.44606854055789
12.7508380531254,3.3905595630927,6.21938733280859,9.92792345905973
26.2725325857228,3.11709977677165,10.9817859311056,18.5156625491911
12.0507651143156,3.47171421046383,6.24926794080996,11.1198989685252
3.55632372261374,3.12847421567549,3.2839831812657,6.45039517228323
7.80842538830449,4.06368660797008,4.30442794717831,4.85360946160712
24.3994888839655,3.23010640242968,10.2575636097762,18.114309832462
7.4265341846643,3.21391609601601,4.50963308275404,7.58587482649904
7.53348205442981,3.18642726521532,4.44387236674556,7.25026717683474
25.2078074955735,2.91076012668744,9.7934836790108,15.4687530706872
21.0879481551186,3.00634891550406,8.98068134016869,14.9747343795237
4.99892410644104,3.23054893525602,4.09245244816546,8.63034445130508
7.86745764619806,4.15009792569906,5.30085736120716,8.94889490121889
0.924172185728151,3.08141154911933,2.93897905079999,7.92617453816854
7.65732191047981,3.31232995094943,4.44302158973561,6.9471950224539
25.7584783850173,3.24002228688708,10.2952500057113,15.6062243227769
26.3683232947657,3.61144704750643,9.94659628934601,13.0520426617677
1.83519953026451,2.88471667502997,3.0412900719947,7.76103535952006
14.6410431151267,3.30420946968673,6.67405275989366,10.5815379694748
13.0742871684303,2.86884213508648,6.35897167715755,11.0724360157792
51.6449252220071,3.21796492456829,19.2838803356029,32.5833365789622
8.42982884899904,2.9655567310343,4.76538427838206,8.20666416204788
-0.279954151808588,3.34002867918116,2.40867160522829,5.52542362517874
2.79915604031998,3.70993720377175,3.46290951847205,6.73020893031839
1.9588837151135,3.15914174779941,3.24888470582866,8.04719229251525
8.17099966213036,3.29655839285032,5.26356137954196,10.6746704215965
10.3091975153868,3.08114664235617,5.10954213898116,7.77917184030022
7.73058365608564,3.02678709071761,4.78770190988701,9.07283957539973
6.57337577526552,3.11073576077072,4.41159989908412,8.43962214832908
13.0580979835564,3.19009236036098,6.17476115226215,10.6368062007185
26.7068537022065,3.00871599722752,10.4444035048652,16.7529159950859
11.9892574013866,3.13314951566079,5.85736760735666,9.5094480169215
2.44009237196189,3.02728518290992,3.0542902734268,6.46997958338144
10.0072652369225,3.24917458945857,5.26442243560713,8.37421112476041
12.5946202281776,2.92034731267865,6.21377202544882,12.1302411716396
10.2045296171718,3.20728747271779,5.5331705430526,10.0767902159342
22.1811051175909,3.39431391139423,9.15787941736279,13.7589242925311
0.613976163674207,3.02075114417672,2.46425852763712,5.67077766895563
4.23030168258875,3.7724993915772,3.7365539678631,6.28653733588197
8.70604951641781,3.26162662240949,4.77933271616223,7.61919312692892
9.14946170361935,3.21136114919863,5.06466062933622,8.81420252421112
2.52767730104627,3.39515868125534,3.16695346648939,6.34035491876463
3.77484540519911,3.32918167907445,3.63711765427968,7.39865670051181
25.9612377157915,3.5953689569776,10.4885896074457,16.1394721021983
2.51905805616335,3.10879778984638,3.04524350804615,6.31874024929074
17.1967818181039,4.14083473344294,7.70987783495712,10.5313032890426
4.92248098974705,2.97863470253058,4.00940585054744,8.66670237870098
-305.281353949131,3.80410003394259,-89.3061165738564,-115.013347983704
23.8857498498186,3.51831934637279,9.74898486002883,15.1192892354935
28.1052903286923,3.17364186926547,12.176042591958,23.7533917050139
6.66003873234454,3.41420284071392,4.45070996547368,8.10249415468847
10.3642422676062,2.84216795041506,5.07766891648678,8.11156623637373
5.30655663054809,3.08458445196286,3.59019080400463,5.89943192668854
10.9849671444131,3.13983441754157,5.67602516296493,9.90265899975986
3.53312911729009,2.97737538047931,3.22672086208322,6.20829911660074
9.43982575920093,3.0836014887759,4.76438361936437,7.23227929817748
3.55518600200578,3.34620696230247,3.35820974115914,6.371894302567
9.66124033709065,3.56809604842981,5.38186990461439,8.79725938957169
9.21136936466154,3.27895003786829,4.98455037141253,7.82286064088
2.8148625512376,3.31730285554488,3.08632301886825,5.94179888608085
11.8990140159833,3.52319038586663,5.77105357370999,8.42869296039841
7.5708607056093,3.1368459543972,4.67298663093222,8.52171025231562
-3.90566427294476,2.97086744542683,1.44205415798369,5.93554289285971
13.1226942043572,3.29648097994762,6.9276415773848,13.4424337126804
8.19186923007319,3.54953155887574,5.44814095852722,11.0065822052486
5.83400778255625,3.69649871782051,4.1733568653496,7.03089789965919
14.1047223880024,3.3063313156769,7.01050561832368,12.0739841224864
8.97367725266256,3.27135703883976,5.12090988813375,9.08967452274653
6.11136915145177,3.34879247038971,3.93750969373302,6.53590353411494
12.9671952465773,3.14455854352913,5.88544450436317,8.53221559551534
8.2184716546902,3.21169243723352,4.20075270894309,5.30234304777528
10.2343831923855,3.88201003678281,5.95037791495134,10.5054592644348
11.6799723690451,3.05546948444856,5.49018091364223,8.11496597958177
7.33680789174998,2.953327292378,4.30845175497589,7.87965577002793
17.1419573552843,2.99417799482502,7.59646949237955,13.2096331526156
-4.90063662113137,3.2525932181737,1.29130677767049,5.59493758885056
6.1774176982185,3.92519755010909,4.09276609288579,5.96384342238945
3.00027078492053,2.96818826986151,3.0649907575858,6.15892751880821
9.07272612284054,3.30815994914842,4.8304818120771,7.29637380609278
15.9088660211656,2.9692142519841,6.83126048537478,10.2240297060269
2.21182135695473,3.00297297491601,2.89986968561967,6.29848735928453
30.9941442127279,3.30212759359806,12.2916205452725,20.4070980283115
12.32331108027,3.44133440977377,6.50566959639235,11.8047310416547
120.93786886521,3.33188635634064,41.3314142558123,66.4353415353866
14.283412559289,3.02736883713209,6.61762860269344,10.4102402378547
44.2283210256383,3.38571233217648,15.7098980054223,22.3655327783473
10.896099039114,2.95254213208178,5.26439747179766,8.1117254019981
14.6881351334646,3.37468660322378,6.88960315900216,11.2160871797205
32.1224539854,3.24115388052353,11.4590546810268,16.0740902761411
5.6080672935329,3.74296759892916,4.01633099547721,6.53006592551946
11.4714010703386,3.28880644831669,6.13000078603183,11.1442714744754
1.11266670594581,3.41203509094259,2.74532547276399,6.06649346934916
5.48008361833959,3.4514560685255,4.53844509175907,9.75636945400029
10.1079341745817,3.02627635753342,5.48799876443303,9.96143740651692
23.5940542327542,2.89730963306309,9.4034250403536,14.6757681464134
7.99213493913039,3.32808506783726,5.01568569657108,9.65231309180902
8.28731657793928,2.91655073535154,4.62178393241921,8.33613466359797
7.17575122337277,3.15718985355572,4.32833751269431,7.3228700583275
0.160801436895322,3.71602533826335,2.7438526800894,5.96491293924002
2.73845963055743,3.11790042661436,3.29671757590507,7.27153278317529
5.19310773285781,3.33699559363782,3.94104004796103,7.01639808408608
10.2836102456061,3.0176946340348,5.09523227634671,7.53586082530618
10.5440655649271,4.14082083879858,5.78288681814335,9.15886517877538
44.2646010856569,3.8266502302915,16.8802411589699,27.0379565764576
0.160889344573302,3.07907758563597,2.53483566374912,6.44299311851251
5.34200224271349,3.11120480560508,3.92248394011848,7.28894444778843
32.0504590041184,3.33730940218618,12.2635798751042,19.5577490361719
2.54398504962314,3.7179900463567,3.38980283202607,6.84901081496081
13.9906314883293,3.52622984557276,6.92797844157134,11.4472105532619
8.94760533551668,3.23585459656828,5.32906909502787,10.4286580138564
-80.3217639554691,3.53345719805132,-22.7641453156216,-33.4258869739473
12.4124778023642,3.38704723231184,6.18601648849975,10.0995146482912
4.47794210197794,3.01783725003019,3.79659223025878,8.14499719336421
113.684182019396,3.69327425255955,35.2606969087125,45.9587456230765
-39.5046876634892,3.33338897395588,-9.19286483887266,-10.3073731209742
17.8282284740158,3.51104622089698,7.10407273916617,8.79325812429008
4.4442046270799,3.30378340128882,3.42428313175379,5.67590776416207
9.38018761476791,3.29946120943836,4.76576151508576,6.62278661620395
32.2660776753041,3.51098677922644,13.0739334955893,22.1929452674988
8.7842115215502,3.69583832088839,5.92162999274754,12.1825903146527
13.8906690546726,3.73445046264294,6.21511734233731,8.00988490261599
5.09739753863369,2.78150388022386,4.36670794582715,10.2705226688003
2.4965568960516,3.1107082410666,3.22441489233141,7.39300928112648
0.163414856754486,3.05178126858265,2.67967040993047,7.50291818206161
14.8263639954518,2.96761434740691,6.6407759738448,10.6839984123142
4.64815424942725,3.03311878606856,3.87315203808568,8.07848484988982
11.0577706338801,3.3386736029158,6.74797208313709,14.7917679086149
17.5154610253503,3.24566808121285,7.51441324544849,11.3880107848275
3.3554006815203,3.28739769684104,3.40309342112739,7.00003200402956
11.9065543251967,4.06927241456791,7.32461415031514,15.0005569274335
36.8841559563569,3.8433887013167,14.0169598604561,20.5605864271973
15.3453386076747,3.1103687953063,7.02751450217395,11.4834092790348
3.07557077220084,3.44931479759256,3.35620914676561,6.6264577855741
6.4412399394701,3.18177801929226,4.07829454185225,6.74152757864418
6.64168020883894,3.1122948607969,4.43775117391695,8.55877172838539
6.63136841747864,3.12826451746422,3.58724678082807,4.21777474554511
1.8943217139291,3.08885596713506,3.1028345003848,7.55497851307969
22.3698881957492,4.06118799786582,9.43180866363055,13.7558076385696
11.3210248100346,3.18542863939264,5.17697059284228,6.92043253202179
21.1805192749112,3.19734038234089,9.22463819541662,16.3027834995827
8.99498104864862,3.17020505361023,5.45397325614474,10.8456198084645
14.4552429160754,2.87904768849237,5.96547106852129,8.40205881158814
27.3901482691465,3.25374126362777,10.6784310243758,16.0397898432266
22.4082741639339,3.38965582718038,9.03950768505436,13.1862535480567
10.6310930897669,2.99483501555595,5.5998988991127,10.6118591781231
11.0575801116952,3.22326213398292,5.98208762887189,11.1988437902129
9.63264234029507,3.11214079270193,4.77355524693583,7.02869607230996
-0.263461884343353,2.96419879996135,2.03238845525277,4.88298582114967
-0.751415821087782,3.33625039959769,2.17404980892836,5.29675164047765
7.84891274792328,2.91628581394346,4.74491133258482,9.10689429114879
6.53603348865119,3.4673339869432,4.87360535951387,9.9032656524517
14.5922487682597,3.00939400942507,7.25415671745417,13.8426003989355
6.00481619960063,4.10695862371306,4.78231382635812,9.45109381765282
3.07186876501964,3.16745893270891,3.24453026447407,6.46301424863998
3.59527316905531,2.80208318153256,3.12164128634487,6.1054058216143
3.45576784983681,2.95366514821995,3.08631636549311,5.77652870943563
8.65268243177229,3.00898725318143,4.50502981830131,6.91531846976516
33.9926304414928,3.58096479042265,12.4874588215489,17.6320681724699
2.56654610472462,3.10612215373767,3.03243612893126,6.13778146924846
2.26629597802861,2.90424701616296,2.97123458252712,6.67388949059766
7.44479422186559,3.45736539092574,4.61888416265691,7.87471736703222
3.33534309932081,3.10119117944171,4.05660314173382,10.5173874532606
16.9102403518647,3.36725386092197,8.23978494249574,15.2378094247743
13.4352067766414,3.38574693061125,6.36249560631715,10.1043534424137
0.710667200729955,3.27366725546344,2.79504951509337,6.70249671382048
9.9826118743704,2.94724531521629,5.12223044364786,8.15262637329324
9.01574787305413,2.85473203009856,4.69817328712793,7.59292297245013
20.5327731015383,3.01170077154521,9.97707184835976,21.241694202443
10.8773113433348,2.8017073248764,5.50178064289316,9.40726385631529
8.21627411309759,3.42209003587463,4.70493584638025,7.27237450850348
2.73665165395748,3.16248227124825,3.32378117165761,7.33894738203566
5.59846136592778,2.9408043494393,3.60820262175023,6.05413884543473
2.41590180387966,3.07674328116606,2.98813014381719,6.12703084226334
10.8778562129981,3.37957900885076,5.70164260058447,9.51446328352923
3.22407010423225,3.13976634086605,3.53349858318626,7.81629152330509
22.5596385544596,3.77925413488758,10.1124139274358,17.7275826890891
33.3952125213808,3.62217612018084,13.1591402665359,21.271627210537
5.72473097561686,3.07914241676513,4.26424002401875,8.67019510953605
7.16149159383013,2.99116567109608,4.46770556708815,8.32290221559104
9.31502596314628,3.19223049672193,4.86133762996455,7.44758148211397
9.18657037878466,2.98309710983492,5.27578207248945,9.94457327807187
13.8154824152748,3.58021739755423,7.72583448036024,16.8752058399592
13.4604343780889,3.48546191461248,6.23438983378671,9.02671388791614
3.26663406796569,2.99833546111002,3.2781220394139,6.97218541491322
8.87148304616636,3.0540051805816,4.56174380309959,6.70211197259557
22.0251878906877,3.29637766541806,8.40724794457668,10.8993463545294
9.62524832552406,2.81813281436698,4.87667648167174,7.88394714641421
20.0007588342862,2.93048959828642,8.03727672717696,12.1570276229935
4.28315879131243,3.77702583284484,3.72802515009141,6.50761994758271
19.9380894913372,4.06880281121209,8.7583762821202,13.5719148354656
7.09071160090434,3.45346915974856,4.51151834377679,7.47905341860471
6.85974442763036,3.21344476686307,4.58971806556569,8.85392224413134
19.1720158586656,3.25973278684289,8.11177466506714,12.7310341981883
29.1761697286558,3.50571328169166,12.0331880233261,20.788547540917
11.982469727802,3.28280681532264,5.43918263003766,7.37844807353021
16.1269011638855,3.47484289830031,7.10303396572734,10.2753368228973
4.55533097717474,3.18059762232677,3.80945281420382,7.4890038081058
9.5935897284424,4.16164169114369,5.87343549661374,10.5183021303539
20.0966549988906,3.32240983449517,8.46506085972407,12.8481863701005
9.54800646645908,3.16777397547796,5.24328821533036,9.48086892342489
7.22442578840789,3.74084578880084,4.45858622436731,7.03357401395727
0.203011788371541,3.3623694254662,2.9657203007151,7.97148971757111
7.2122939831801,3.79111590097652,4.63818738674365,7.85095869766946
4.9823637074924,3.07403515436714,3.97169013301897,8.30442214192046
7.1446650025762,3.58113766744286,4.96568388537426,9.65829474697894
16.3644558927436,3.69059379351047,7.50912677930729,11.9471234101425
12.6657778603559,3.82238829103581,7.01421798549352,13.4086705252605
15.761827883727,3.39274588112922,7.80506364952879,14.6855123798091
2.29895047280837,3.35685959814555,3.47870358669062,8.34200234921827
3.74882429138934,2.71820794640627,3.18126039595481,6.54441774917147
4.9225827293297,3.11832941897894,3.67454225793264,6.90209145011903
17.1666946495985,3.54180597752172,7.9505821894047,13.6225165797866
9.32357874433104,3.12557290828618,5.02880544051668,8.22378631542638
18.2989548598748,3.64200104231461,8.07556026264248,12.9886430070017
2.21363445889814,3.51490618380507,3.26017677248755,7.00364053622097
1.52387489635965,3.59335168060297,3.43722165465272,8.24953501173377
3.63986566921152,3.26020428367831,3.6954754662652,8.27409782933105
9.49678529266687,3.10186019882284,4.94029330827527,7.54226090440788
5.24553142009113,3.17935110684312,4.1840002440462,8.81427687801185
13.0674867012566,3.047708855437,5.88941360164282,8.24997772922314
11.6477469983346,3.07395804739126,5.94307167965609,10.1967089989922
25.4378639707828,3.30218805392263,9.36972474925983,11.7033524671864
8.02737802334085,4.52999401026756,4.98794788657005,7.10601398975492
13.2848470180615,3.85972635244766,6.55626556841738,10.5176145191133
12.6085003344153,3.37678996051167,6.42854756975283,11.1099880324504
3.03469841872742,2.89456663272316,2.92689796030015,5.52842028772637
-1.66300164488666,3.48322091002245,1.98690268677293,5.00841175289493
15.7621477396922,3.18048255945429,6.88665857883197,10.3821879831423
6.35854664003813,3.45571596738785,4.2547818921529,7.25179871706904
6.23862568009784,2.96139467111018,4.47990453776177,9.65387598271046
0.737906950106538,3.19066965289125,2.88653112033057,7.43333165134598
6.33373784816699,3.14213626079294,4.26932654212661,7.73695579992239
12.9277929345219,3.42186967975546,6.94628469208152,13.3728661449815
7.72108375312949,3.47775480273676,4.75528359560487,8.30541776122459
7.76472405627443,4.07619316695463,5.33582369647971,9.77858312595549
4.40049609805872,3.1007839409037,3.34795520088649,5.91485403306992
12.4688502577277,3.44495228705304,5.94949998482832,9.05235737474776
5.2416035668443,2.79434323880238,3.63044449287252,6.75757101113213
10.9543249308648,3.01820831591089,5.36880163590572,8.51633106312911
10.359210107671,3.3508828466765,5.45564517961891,8.97890278704221
4.8291875944052,2.79221059039725,3.81489427762039,8.64671859924579
8.79430751523052,3.17115218543624,4.99958176101128,8.79569956671151
26.2309149840369,3.43363177217224,10.7587140269253,18.0453125026215
26.0276596818113,3.10204239380335,9.9056587931511,14.2274432600924
10.2217843426528,3.90897797202504,5.64577401644062,8.80186665932029
14.9242983877877,2.84707690249269,7.07321640050661,12.6482677368105
12.2998440867,3.04836262691533,6.03768716898543,10.2344380640644
36.6659240655111,3.3210457177821,13.5471583661626,20.0503647033591
8.90588054431822,3.09122243060243,5.19373662703181,10.1112938211918
12.4305812947776,3.20745144368003,5.84251251233011,8.70630609343158
7.63678241728829,3.4373318999971,4.67010110963256,8.28323190252165
11.2237596658257,3.38137730884953,5.98579321238409,10.161735815617
10.516776571621,3.80230262066904,5.52411486475873,8.17486944775166
6.9302143672712,3.18977584139772,3.95001696594446,5.79189400412366
10.9981002919581,3.55074130446329,6.05432329970876,11.1878906674147
16.9980626411749,3.1687558708656,7.75599670671107,13.5323539604941
10.4290553753264,4.67340768740132,5.8578085389158,8.53493625613757
62.0831860902441,3.46528967183808,21.9933761318354,34.2896153393594
25.6772862044881,3.45489523800786,10.0989012870621,14.8786144045924
17.6556098547146,3.18981090601563,7.8937913727083,13.5299737941914
-0.142021612315015,3.01125944344879,2.68599280721497,7.90923466306169
11.5278802950566,3.45040311271949,5.71409353230284,8.76081737828554
4.97364524761625,3.02752789637896,3.74057822685375,7.1590687869359
5.99494252689656,3.31009530577806,4.11223333915622,6.9043307070861
3.65656764622547,2.83527951338086,3.48283165601391,7.75953036391458
1.1044765889991,2.96479343003461,2.51307598516975,5.50544045893125
38.1375848596036,3.14683824554544,13.3637109757823,18.169035543507
15.1141882833614,3.37384499500566,7.10608800863762,11.7850238787557
20.6786622775622,3.34264150871866,8.4163649836002,11.7308900700708
5.83055581571959,3.35953011505074,4.33743780755732,8.78350059740871
6.67356142874374,3.12336208116575,4.11087345111547,6.9685967161321
53.1777707971323,3.2841742018773,20.3009481066686,36.4982360290772
7.91886077825476,3.20544663072095,4.38826707494237,6.86847316480745
7.94658765619646,2.9468725158302,4.54296572752028,7.84460995742597
-7.99854215901378,2.72692220164421,0.209933050575105,5.39985577954184
13.1984009967655,3.0673529842432,6.2889321732378,10.9692804554744
12.207571075663,3.41125378992802,6.04714099745281,9.61699985971487
6.59411751948723,3.8212043791221,4.29893745148122,6.77012329440261
9.24285789607422,3.27640104570536,5.2370437956137,9.13296354451397
48.679197009103,3.07501956687021,16.8898852245662,23.6037448803842
12.2680385070739,2.58003597580068,5.40366858499775,7.62484170948232
36.3969728814733,3.0351146528398,13.854645061096,22.1072654460618
16.294797563253,3.12232573648567,6.84150898334452,9.24176311531336
-0.275137330660418,3.32341701972554,2.40431510642428,5.84617441654388
13.6802313628788,3.23073995888543,6.11692599725396,9.25999551656757
5.65544569593674,3.44587935041636,3.76231674447655,5.82950161099751
1.57485411218408,3.10314178810307,3.12513995797011,7.61545676044652
3.72919580071687,3.40346222771934,4.23223718727608,10.3329134216662
13.6976988719001,3.21392921419102,5.96426322063958,8.18208863836714
5.63021143367941,2.83127634935563,3.80349627851382,7.32118512945354
8.08643627097004,3.35399388964025,4.93038884020365,8.49118505826412
8.22916680199767,3.14313574680897,4.86124389676301,8.66329608308835
1.64434686410619,3.17697932000364,3.01681586832861,6.99404806583205
10.5780073315353,3.04228225897065,5.39419302598559,9.16626282360863
5.44040883261469,3.45604632521318,4.18560541893232,7.80860704376074
4.04845160070288,3.17787137223189,3.56208585110814,6.72925293809618
2.82731226295051,3.16112564031517,3.25259507730539,7.18201582848654
22.743244365392,3.16930049769614,9.3925223120345,14.5585776766239
10.3131740709729,3.17885683776385,5.66426427007321,10.372542854213
25.9706459842965,3.62060071695064,10.5814418944332,16.4343327933688
6.91270442091998,3.27241538442357,4.45029865500544,8.21315471967777
5.61728078452905,3.3408924601356,4.15554761680861,7.85228473766433
3.60828577688705,3.13615895545533,3.59259366390121,8.1153063095061
15.0668697760996,3.24891467513471,6.73920522107384,9.94966751779849
7.66059819511133,3.0824299039556,4.30061873113862,6.73629667470231
5.55521835338312,2.73617287552452,3.85905524597313,7.50175071387004
44.5510226936562,2.93371409059423,16.4393411237725,26.1042789697178
11.7583667502202,3.42140487929963,5.68529269858123,8.40090990722794
14.2535850177527,3.71837833056875,7.55772743928418,14.4876587238779
7.37902916359334,2.78571845677157,4.62671526028948,9.82115586974763
7.92703370034624,2.935045963312,4.4682759605048,7.40355256792258
8.30838425446757,3.45710578129505,5.46375040696679,11.2504259814784
88.3152629970534,3.05834791025732,28.4930737959556,37.5757771063018
14.0813561071963,3.19543541428584,6.84661850795588,12.2805920045337
10.3659787265272,3.55256801603971,5.62451340961424,9.09549181268998
111.138518177954,3.69618695800581,37.1481803076256,54.6276583312532
16.7957478122423,3.45155770211682,7.98238175389384,14.1374644690651
11.0462420115571,3.22775453210908,5.7741724260197,10.0913510554753
8.22905868923966,3.09993860587177,4.85733919001588,9.02935502181307
9.91969517797151,3.11926516166218,5.37816057127142,9.40816286174862
9.34822737320938,3.16565966944986,4.76505561460296,7.16514450596188
33.6125143279825,3.0044092029236,12.2842888796693,17.4193568113481
11.5921034211938,3.83473893926387,6.29048825189282,10.7483507157829
16.3255123125945,3.53053756676964,7.27247471226048,11.3164583199429
8.60632085556082,3.25959409233819,4.80517561918234,7.76045153828007
6.80723443754318,3.21971080249657,4.6556433026576,8.90294361971332
3.77583624554108,3.0946826136115,3.19848676519929,5.76091992602961
55.6060593051443,3.52379099290452,18.5964200423532,24.6784286254463
2.60945079228738,3.83063966250795,3.20264734737184,5.369269089445
14.9989104355135,3.47857262541922,7.48843588630902,13.7549824944534
8.07935065017226,3.62971570494069,5.15331386881964,9.69762202947761
9.88359651122919,3.02146966878612,5.40636921963185,9.53667418738524
93.4265071063403,3.08147081330469,31.2284133998769,45.8226106813771
12.6552297536569,3.78437034027372,6.59445137102445,10.6318866089277
-406.117797737415,4.06392249399956,-121.327557414268,-159.06304250631
14.0016215164572,3.48795219575924,6.71590165893628,10.7898813674678
5.39865162380596,3.49556989538097,3.95302204989478,6.5263916782991
6.03526397983812,2.97209959002174,3.85480003718049,6.71218827573049
7.5437879263154,3.49829133440604,4.5021856296093,6.90390812971414
4.70122667103175,3.20730541266292,3.85756121815948,7.49441208948324
10.1960691833145,2.97583522841863,4.65028541356659,6.04893407756262
5.62948065041001,3.01190578936207,3.8409265817588,6.96728067200947
13.2398111793948,3.40323771248304,6.40710862985971,10.0357124666343
5.3396889373684,3.09054600943921,3.65460686779285,6.38401340320092
63.4644172084815,3.23468908149859,22.8346674440695,34.8256749722669
9.01223009727772,3.11173123841582,4.96025392444049,8.05565152629435
2.08621654599591,3.05197068870642,3.1092523880205,7.35312602892309
15.1155093708574,3.06047554702874,6.46644077203245,9.54688569275237
8.65922501703907,3.65402129318249,5.15161435504326,8.91842831865284
13.5985452087099,3.3016783581426,6.33453343152885,10.2385147941629
8.66758280667965,3.16451965096619,4.99641331321898,9.28518984064515
9.6894041507228,3.17961214767858,4.8320050305721,6.81688589513744
13.3390120275219,3.75992583050203,6.62928107423211,10.6567535229953
6.82584944415744,2.96287468066642,4.61384673059559,10.0119719508483
9.83752718681469,3.3546960947693,5.67852312186286,10.3233164542161
9.36692277896571,3.39076279990741,5.26309560886963,8.95869849165217
27.4198374128297,3.31077936270252,11.3606666080582,18.9942195703366
2.15084695102968,3.25945488077582,3.40376295502887,8.11356110950268
7.17598934328755,3.31949269899738,4.52531565621015,8.07189299492562
11.0154562497775,3.1758382597647,5.11006300480789,6.92663229520205
21.1013026356212,3.00073863148317,8.24198972641114,11.6354412899321
21.699211417686,3.29646176852329,9.03137177397036,13.7230928802087
2.28719996711793,3.42630845357521,3.52612987647921,8.65067075568972
17.4243349132347,2.97777352501713,7.63540192088905,12.2684377882482
7.02244895692249,2.9237585362388,3.94807437985933,5.99218733345001
4.64810339745658,3.09849684085371,4.20891113620572,10.0711260836173
2.37459340929431,3.06090732939596,2.86279893178735,5.53871337811963
49.5075314030519,3.20871314703607,19.4523673850932,36.8528849091205
82.804040170434,3.51809872548693,28.239351458813,40.4851106436736
4.59873197497486,3.66380199230755,4.40329994900159,9.62119216117731
6.65469300070731,3.06232313674625,4.18606152138899,7.09676234983844
-0.792425204219679,3.0913588136705,2.46265157597907,7.19759706487403
5.65659358840416,3.23355729253769,4.33022660432402,8.70105978749246
13.8318020090852,3.28653526573537,6.55126391905089,10.3793259971339
8.36497224037578,2.99114400208465,4.87952187072347,8.72115601475028
1.2511253685298,2.92580517709466,2.8006893490881,7.09347474036677
194.234326033316,3.30243232431314,64.4456537476327,98.5489052628403
11.0549521801188,2.90576444246553,5.5615537502491,9.02998518331967
8.31670829763108,3.18074645386222,4.62559242692828,7.39005664334758
42.1879008650933,3.4205592367481,15.392782616839,23.6178302153122
11.4202825928204,3.32586447411239,6.02407898921307,10.7996119857478
30.5973982261248,2.96160987939791,11.7748177304829,17.8291388642227
1.53278279022531,2.88595686671902,2.64835766402317,5.84486139228014
14.3523524903329,3.4079471444808,6.20398985954411,8.28271024877741
-0.974767692548111,3.04935324353601,2.13523639819512,5.78195605074878
50.3243525914072,3.14392272748152,18.9364649192124,31.4263095386504
-0.00652701339435602,3.20056470518646,2.92866665306773,8.96921828795324
3.02295157744585,3.12640409405106,3.7421296899524,9.37028429392813
12.1517637571556,3.17316884901432,5.75713034192026,8.52005575836377
15.9720219396858,3.14847014931731,6.81885902487509,9.96764945966684
6.33933023964868,3.19237425095944,3.98443369960542,6.52912873362758
24.3861096883271,2.72283905134729,9.23297901316943,13.1874943638745
5.76717508971724,3.07913434715715,4.46775754511296,10.1870128425652
8.06994824751738,3.74288094287482,4.77169345760663,7.8537747901545
7.76966488158594,2.94851240693077,4.39364073770715,7.16879328680716
21.5166870353543,3.48341675483039,8.69261209717278,12.5843389327132
7.82647457386935,3.1391167074368,4.38731147620877,6.85391219758306
1.98916470813721,2.96671448265495,2.88929494899826,6.50170840320154
14.1369803719256,3.18639629989204,6.27702470329534,9.03806769005955
13.5197601982424,3.37900884204072,6.46461938917779,10.6361226037367
9.43825152732575,3.25271886473855,5.54219623151553,10.9759850464015
12.9872631365957,3.07974693491906,6.82916702433383,13.3907296512826
40.0138573644602,2.93768999168116,14.7074946506751,23.1399411264569
1.8170059593305,3.84247223220673,3.30264673137092,6.94737036800557
7.04561034845368,3.2820945302904,4.37549018875711,7.33458154730224
41.9529501466377,3.4035035987314,15.1347716701532,21.4904969186845
18.1023273107246,3.04879756920692,7.39190618574078,11.1056475957477
4.00221741626218,2.79958871243478,3.21589896214923,5.67273004727083
10.3567066943645,3.11068240507286,5.10107574520962,8.16833918890491
2.63680414866226,3.03496522687103,3.09930348041563,6.72181657605024
7.99460789963321,3.87913198881396,5.91478744848066,13.2843407192456
9.70132114789179,3.25982487111351,5.35941831858626,9.16343340458729
0.794854035278361,3.08214529618247,2.60411087900607,5.98487768876288
4.86461885804669,3.2070774743281,3.56019773800249,5.93139163122864
8.77649396881239,3.98341924208102,5.3910918900399,9.36469962098161
4.51709783667153,2.8227789823036,3.24721963484688,5.63998941539142
8.67954735609794,2.90598422729207,4.86207123082248,8.83407422809444
72.8922138967531,3.90108208402832,25.5494211431449,40.4039346914704
0.480829617708546,3.23998883821888,2.84724610887682,7.47044374416994
8.91988853105179,3.62136297392734,4.83451419071345,6.90172212299945
19.8794318108736,3.31329826150187,8.33137184564147,12.4735621546309
10.1959081630891,4.47457292540664,5.46580661278152,7.05709148936426
-1.21806362833381,3.69602866323562,2.45845254241849,5.97203834396348
7.03003754516639,3.49549109000257,4.92498787392364,9.50997460097357
147.349087303941,3.24259167966191,55.9451405239279,119.386853471131
-0.161966135917714,3.07343146603785,2.22986965589667,5.3325645707143
23.5998373512036,3.27286531783887,9.55800215823202,15.0524756624741
5.82652416397216,3.02676712619525,4.38034207723257,9.34034236486663
3.8122158763309,3.53127149030501,3.79694900700051,7.57803465590284
8.14038401925758,2.97172117036885,4.56497950681995,7.8266518231086
9.84844077090401,3.30476803681223,5.63732371173134,10.2754128353062
38.1184784594534,3.11569723517868,13.7237595079269,20.1988186858702
8.84042162223788,3.43793669855343,5.06658432529196,8.73141562494119
7.97162638227107,3.33498775018116,4.87433210838574,8.33334709351476
4.13467552730563,3.08507919881501,4.10906554053415,10.1143559207512
64.1663809841784,3.31679832051524,21.8344522411041,31.6060306397468
5.8963123030754,2.92987522006054,4.16860212489649,9.06160034559204
44.906745458983,3.62344812578239,15.8004125646262,22.268529910957
68.1603675087031,3.79689738704029,24.353088031172,39.1768525575086
3.68145844287984,3.12309144172884,3.45593028063468,7.34138722552017
19.9162470413598,3.30814609010134,8.33822238645237,12.1660698238597
14.2696091062646,3.07435326759015,6.15596003987443,7.9971302912284
-0.300970135860208,3.37902169849028,2.53336283624344,6.71479258873546
3.21684047248031,3.40197909627565,3.59941412691159,7.67428533812799
12.4137078876347,3.55555388132624,6.79367855516178,12.5464054157659
10.7725010610081,2.79327540571148,5.23011851727025,8.47141528951009
12.4990532531973,3.39300164712811,6.15376549205028,10.3885551525624
30.823409268292,3.40849989161115,12.8107160597984,23.068860102224
4.39691546994405,3.33814086503799,4.05346737713793,8.69777843803903
36.0729458459712,3.90705604530979,14.0921966795533,22.6520458929247
1.5221802757787,3.08382130931219,3.21625943845115,8.3871671298371
34.9997248244879,2.72378114683174,13.5746855643887,23.5478676959184
6.58718594957363,3.25531238085258,5.0078517062328,11.0937034676918
6.01643858562466,3.27241339039913,4.22112156265199,7.97955661804891
8.06603555166119,3.05640061615288,4.4159554633769,6.85693703202449
10.7775005316275,3.42659313300144,5.67689166494766,9.69443916130993
9.46998186965636,3.12604164014689,4.82501880694691,6.89665147472989
4.13543114920591,3.31068756785832,3.37252231635473,5.83968925311679
23.4856946614985,2.9562522693653,10.0042261125375,17.6917636724417
0.748655089321844,3.31035840296705,2.80036075740111,6.98973578709665
136.230807088839,3.09786403403235,45.3336807931465,69.9576781580393
-0.973716712993602,3.20461689286116,2.39899832760661,6.93112963036103
3.05519985400072,3.20631058987366,3.26966886194404,6.36278247566873
13.2745374187404,2.99963120239695,6.42010782769858,10.9592128507636
5.38828491513848,3.60800902675258,3.80359200194419,5.55771366319806
13.6725411824643,2.80702421627327,6.44418985962145,11.3676255601962
3.25330746097811,3.06956939054941,3.35225304818454,6.76418502992163
6.32017825964738,3.40365155092876,4.43287158758753,8.38483450647682
11.4358018668339,2.91358059553612,5.58856161919074,8.93297946272159
4.12208351801644,3.08275437454409,3.69884334198527,7.96844438405828
13.008008122382,3.42824627173808,6.36181285717043,10.8521660385076
21.5980754545195,2.95704349864824,8.52560771668119,12.1200958350542
1.20078681180466,3.76777143627915,3.20026908832084,6.83866257445185
4.4462842445136,2.88221079006612,3.30501749278965,5.6077945587329
14.621226962608,3.24382183954212,6.92504245315391,11.7245089489491
6.23694313921796,3.77369422782163,4.50428997626102,8.34721979627586
14.7950017407239,3.72674298854932,7.68482358117389,15.0571625970416
2.90271464674345,2.94876255362482,3.17081456136274,6.79797369143275
5.01412444587158,3.08255065469993,3.49375188738288,5.70545358526133
34.8697118455477,3.42915243150615,13.0439337934221,19.3678729318898
3.69147822426271,3.2880220249359,3.36822390633192,6.24333228182564
5.05985685898613,3.31602700323618,3.92885059323443,7.45058726990999
15.0473093565768,3.193662800473,6.71666521333133,9.96284227650303
10.9109139164547,3.3393793865332,5.47693221395036,8.49767715915272
13.0077266858342,3.3073184109731,6.32623669160802,10.6477117740935
3.84792697584286,3.53720697784198,3.85501242661264,7.69142621554931
8.42792743743252,3.21715245777721,4.6788066277335,7.5978975210052
8.72081895970569,2.73826094342537,4.66584666714208,8.02116314603385
6.74304508192784,3.00885844404276,4.48699655635203,8.94300895730274
39.7727746254061,3.54444136506392,14.8056399157269,21.9910310744264
-3.92559575878627,2.95682569350138,1.30570164415217,5.84588108780948
6.56509354379271,2.92052980884927,4.61252462872833,9.70133179441389
5.15690872104069,3.06686354946835,4.54326936576788,10.8800040349536
1.45662906024478,3.12564993573173,2.87860898717632,6.56297507295286
19.4672122072297,3.29170845424628,8.39464463027131,13.5737014044267
10.3372893867494,3.10407295742049,4.82055866798924,6.42016411867621
16.4027976158086,2.87177475581267,6.5368262122154,8.21962689921834
12.0562662329151,2.96099159388615,5.50137585069939,8.2171668832788
12.8368386039405,3.8821510646009,6.63202310190597,10.8113858551595
24.2984669047057,3.08400123535193,10.150760526823,18.4267301124006
14.3700438419167,3.71971391632544,6.47088392484831,9.35187560383735
2.82817234580191,3.01532225048604,3.15451804843267,6.32953959786203
11.6963051225732,3.38277498173171,5.06142506994503,5.70710850684923
8.23617857947179,3.16554729807799,4.55847513986513,7.11013116214861
7.47868486828093,2.93297177457961,4.38845917083125,7.4788806405693
20.7974526831958,3.31342931594684,8.92860678530764,14.3933116393746
27.0861878588728,3.66445029094469,11.3941926412763,19.1510629781454
47.6772574871789,3.5160551177506,17.2158241834906,26.0779141945115
12.3128216333092,2.94081295835575,5.76350358104183,8.96941426969428
11.390961882698,3.41259770877727,5.74501556624366,8.71834858630326
10.346976256232,3.14254342909864,5.0415467597742,7.29318996294838
10.8777166437486,3.17967118659411,5.83861863219898,10.3835484788805
7.30813535365549,3.50033504053077,4.53435104252508,7.49980794344662
39.1251843164813,3.54598937176661,14.6247392433568,21.0330031268268
13.3211409024883,3.69437194901863,6.56737620097324,10.7194859258501
3.06064557769878,3.57638801505775,3.39205679263173,6.42131057368909
17.9587937647115,3.36304294870164,8.1027813369246,13.7875860944221
0.196763620583237,3.35945725231979,2.99691402682369,8.11946851495654
16.0772784468111,3.12140620207468,6.93401949478499,10.3760811899352
2.85084052586554,3.08716072482657,3.2675475651197,7.3210139312368
25.2332520507658,3.29650192876979,9.32789231758762,12.0802595550675
19.1469602861248,3.39810624307491,8.76312026733813,16.1671532881318
11.5526320166524,3.64950816940383,5.96641561453605,9.42976103679717
17.0969709180531,2.93088699242607,6.58840067671777,8.04260598794751
6.79154096519846,3.3757231443945,4.68565562758037,9.67097298174969
0.795956098031077,3.31678621526401,2.84822185358126,6.58648860107056
18.6008074990581,2.9868407457647,7.87966951362115,12.2677171556631
18.9122273397459,3.78498316077681,7.87187136732993,10.9287062379675
9.0969111523378,3.68571526264282,4.92658089253587,7.05196626748011
16.3911225344386,3.34819734117814,6.99093585383156,9.72279394440734
13.5721366029609,4.10024253441194,7.74668417508623,15.8586755837128
33.487495373528,3.52509068427428,13.0054984032894,22.178861980348
1.54329256753125,3.15413178381656,3.02661067503974,7.3466664189072
15.6220555737251,3.14865441447731,6.95235209210745,10.6638115744653
6.86393655064138,3.42761400875748,4.43110167725428,7.60987916744213
8.9152750078412,2.96934691575215,4.8430989899412,8.44143476800688
19.7824972289415,3.44248284821309,8.09663928264647,10.9893938849843
20.5767427291734,3.26710709358517,8.62193297293446,14.0678791106954
50.7383565366029,3.53213826244649,18.6216927048845,28.4497951515306
134.106343812493,3.72088257203363,42.1200377513456,54.73999551762
43.4004980711899,3.05719312383831,14.3951392280741,18.0813443947128
5.19296690860133,3.20189775259959,3.94059156616735,7.7932793643607
15.6295555320347,3.05092634927872,6.70943584898518,9.71641275909602
5.54971802157526,3.20133956650578,4.2946921039923,9.23194134291915
10.7379724773435,3.59070748013143,5.93846686140344,9.80593289988213
7.63526366882437,3.17200359686658,4.25097144944277,6.32866074304317
11.104049901195,3.25525202628132,5.8928610560078,10.7247509235507
31.2798429908104,3.50473221433471,12.5424327060117,20.4972419198851
7.57664210431279,3.00624261438478,4.63704806887935,8.58554572876163
11.3848774265291,4.10995717668021,6.1793029802324,10.2871720008364
6.58009695444698,3.3210725910434,4.21796861796494,6.91076283307624
3.13648424442413,3.41413237265906,3.34110992257272,6.34021383645913
-298.971478764459,3.3717209263711,-93.9164856300561,-145.747309833436
3.00753065438951,2.941757726817,2.96432068746514,5.61953485830581
4.27851811433817,3.4567536011247,3.7976420083662,7.28740242301634
8.43475401840725,3.21412877651427,4.85877007891702,8.13888744738056
15.872722112629,3.50154075191623,7.74575328331155,14.1225605338751
16.4031071012079,3.01988251195491,6.98260121681274,10.1362802233432
19.8780806001287,3.39056521019674,8.47540940585221,13.8266544010143
12.5869502010592,3.52454236986445,6.64394856665129,11.7177237683499
11.3586468548934,3.29555701689954,5.51647416439263,8.56332476966026
33.5036650201122,4.1945301590432,11.6283221494595,13.1094341759976
57.950547587029,3.41920286963804,21.0380392757486,32.0103508998246
13.5777023891958,3.05647003855845,6.11832756901519,9.06234646722863
3.4267196021033,3.18856545529109,3.3751847796752,6.54763172057973
22.0605501349537,3.11354433434431,8.65100827268098,12.0508893688352
5.73367496838704,2.94777042891145,3.9003595266627,6.90565028003653
6.47747837303103,2.77514953496679,3.65344408316026,5.47344962632301
14.6629058741154,3.03230855232276,6.53785600137421,9.70292223868589
7.9982719135299,3.37553498377086,5.17404213236298,9.95697530730318
24.0691035610975,3.62770294307817,9.21978888344982,12.4065302600251
10.3635802224154,3.11670032708126,5.57121423966116,10.1974326624185
3.04471204463518,3.10241522366086,3.18134736348844,6.40069679528322
37.8799317040007,3.03262404697077,13.4418775406649,19.1755409091896
10.918834377952,3.30894044070457,5.37076747214101,8.11799646115002
2.26160852865792,3.02066734295657,3.10527217700691,7.0706582862423
11.4156647180895,3.7925700067943,6.0159638123708,9.56692462138128
7.40098279237712,2.81032977822091,4.32537092275027,7.80312282354703
4526.92682669864,3.85572684372959,1413.84253090315,2012.41933024661
15.0012035182363,3.20551648561158,6.89564592589287,11.2482885866723
6.46198262247812,2.94964964758505,4.83893918571718,11.292611539258
7.06858114516418,3.26144207357085,4.30233537175355,7.28104109789
8.33412314362282,2.90457217514913,4.22836521443161,5.79352197369311
23.6554473020092,3.44619817204595,8.93961573722237,11.3178980466093
12.9202680661506,3.20257829187689,6.16123902498506,10.1010372433206
13.2958939820841,3.18773812783571,6.08268829485732,9.28093537592483
18.2144583758991,3.68705103345603,7.79242349749939,11.0654901417709
0.878260520025932,2.94948266694948,2.58204287775388,6.10480379540204
13.5975795857069,3.30669999890313,6.51956732466347,10.7424533375803
10.1848212014671,3.33261533659014,5.41296950311566,9.03445744919751
-0.557120564694538,2.84447997378076,2.12449625153068,5.57680299362933
19.6356406290642,3.18378236352157,7.93560440948938,11.1820218384661
6.02516969394422,2.79004282536568,3.61024237856253,5.71525405259177
63.5916923621367,3.61120030654639,22.6596522802522,34.1573583521305
33.242240378054,3.68321717927881,12.9142352578818,19.9317452089751
15.6821687416118,3.91353049386081,7.02274021272403,9.85669431838885
19.3676875465727,2.93702660509538,8.26922963520682,13.6327304741959
3.94602705328859,3.43752885776166,3.74024020579844,7.64816465444354
0.236303970671385,3.16339526390366,2.51369068095645,6.02099921463432
4.07881246034965,2.85414932099786,3.17396844263629,5.69577324030491
7.80817457043852,3.04175588202964,4.77236986193343,9.03997520232041
25.3681029683218,3.02374050147791,9.97189273754423,15.6787933682888
15.5718859128398,3.64808744798552,7.18925951727559,10.999436599446
3.88159790958971,3.33361939860128,3.51879161023023,6.64653353011356
3.59803946565635,2.91569398655944,3.62474365343273,8.47352640209644
9.18218491070705,2.94634919617871,4.93326323896278,8.10328218756144
11.0441689261262,3.09172860324537,5.76215552561566,10.1573470293036
31.5177391021442,3.27158240218542,11.7414480805119,16.793117235029
3.91442338277677,2.87198569679995,3.32196873194022,6.92421188577856
6.4544896984353,3.32212781640258,4.1435578290009,6.80301928452962
3.20160298088288,3.1334323580834,3.71659582103569,9.07296188394708
14.3177046733299,3.29207753492066,6.79384806400409,12.0719933320553
8.99060480110539,3.49169030948363,5.25678564314097,9.16083354026806
20.6864103479386,3.12420086610246,8.71778339954898,14.3943150997434
8.83700765169049,3.31561160965819,5.04602557245904,8.29276787070232
6.65706406150809,3.0988616932933,4.49908530979514,8.25048270070478
9.53680330499019,3.73287771068398,5.45633123198543,8.84081574344243
14.5724849793928,3.45582363251676,6.97541315011862,11.5168407331632
9.57666140935986,3.31753778926028,5.34896551205751,8.91876419750865
8.45733751152962,4.05733465840427,5.08598194506346,8.01579056722184
12.6653765860854,3.97272585536522,6.62074422856925,11.5461431272539
907.970889300223,3.28921400609582,290.766544883395,437.771436432411
1.7332810019242,3.20267744218037,2.93903108684677,6.25550025890323
-1.35446971981389,3.13047970139617,2.625253501136,9.20253059997752
26.9998265298694,3.0497097672931,10.6985401282809,17.5223705621034
17.3204852247185,3.41808186352639,7.73046006201701,12.8582618614122
15.2888928427748,3.07789885338648,6.76752674526004,10.7033734147651
4.00775221595728,3.23784002286844,3.62751096881677,7.03112218942096
11.039655236516,3.62194773242163,5.51686709506793,7.92649135149513
8.84632314599486,2.88023389592981,4.83894144905759,8.26470254989417
16.6496552181454,3.14031487327393,7.30023746408561,11.2007996053787
53.8388624758939,3.78995005437443,18.0753388012407,22.6687522462658
6.82430845689881,3.05459427973243,4.14400680249595,6.79137668313876
7.5401920036184,3.18104870746001,4.16622574959372,6.19402707987111
13.1473379533055,2.91810197154082,6.17973592412472,10.2495718519532
7.58775018218304,3.30443227751598,5.01673775533791,10.4348234196679
10.3346676918731,3.12322629919403,5.38240211037443,9.07403111145163
5.9117646023025,3.50973484978909,4.03506992249542,6.72298950084854
5.28059735593098,2.91822842873416,4.08327966795987,8.41571515214217
6.89198993082524,2.86243107033227,4.33958675383815,8.38558618963322
17.7828299839496,3.23123760536481,7.67297942302321,12.0095465695803
3.64508997523694,3.43665209389695,4.41910805157979,11.3072363240369
15.1363101057608,3.13237963341076,7.1840639055286,13.8117458885606
15.5066366684707,3.14414009576443,6.738773988768,10.0525464892859
10.570608221524,3.40159562507131,5.34403037726918,8.24492337256509
13.076555415195,3.70032851709377,6.11436236678261,8.16265832370219
2.99135376702092,2.80370811730437,2.87622762842721,5.427252858123
11.0515663191355,3.01513348776461,5.9141428086037,11.533675769374
15.7180935142069,3.04140892484438,6.98865303016498,10.9139948307886
3.12588432952377,3.72287052347309,3.61477638692056,7.2699596140944
11.1414577474911,3.64644801594307,5.75245095161056,8.86440295622212
71.9677074040169,4.04131360377399,26.7681863966384,45.6972377581288
8.60852823856935,2.92359654319481,4.50786250106082,6.70557160167171
17.0272324121431,3.20784332616599,6.97404611122973,9.14858463954001
9.68450955163257,3.60954727535363,4.611620930613,5.05421740368208
2.86696621299059,3.52631170327581,3.30647289058165,6.3852661553607
13.2257348658851,3.2070974205833,6.70493765182782,12.2098288267035
13.5416552952542,3.14871262838317,6.97146075365916,13.4085565464386
10.8823325641121,3.40758781379074,5.65395342679963,9.06900340193681
10.480402442112,3.14438130796436,5.55758492445616,9.38007113699096
10.0365211731746,3.13528010654396,5.45234919921698,9.55803002315524
74.261169177626,3.44637643665092,25.4090095898392,37.5922840421739
13.7494073589863,3.39476980851094,7.19573081974312,13.9297277970184
19.5636007482975,3.70324056861782,8.50752020244788,13.202970883349
10.4966569034507,3.47840291179184,5.15286809363539,6.8286074769974
2.60162166409961,3.55831312975798,3.25335190783813,6.44998137366413
8.2713503289958,3.22068480188417,5.01153711174291,9.20087027388064
18.2271294575403,3.40018612549062,8.09021596364562,13.732177476633
6.94354488019824,3.31316820687181,4.58558354146252,8.67375134714191
11.9731161246996,3.66457685388624,6.53466033599995,12.4067139139679
8.40767814113421,3.49687391220275,4.74944151702882,7.43976380553508
24.3535675723942,3.27918268897601,9.49803919753956,13.2490880519695
10.3067892687655,2.77465692465112,5.10162698195362,8.08588406864339
20.3112087672884,3.88776542871591,8.67776662956983,12.8103418798928
5.68402048040972,3.2787552805775,4.54929354250934,10.0313075425912
12.7455247672332,3.52304302507796,6.46159769335703,10.4508589938113
13.2206178573824,3.38882368409751,6.03476096023995,8.76682808006275
25.2694989699862,3.41211447771443,10.3003415013745,16.7073108788447
12.0090539782437,3.1474480782829,6.53375272067794,12.789684770778
12.0521689220646,3.34456772186214,5.68458111991484,8.37022198546442
4.21585923293138,2.96585262994005,3.61521033314988,7.84145415194277
7.7308479011573,3.144039876321,4.66676407320515,8.56502899448928
7.12897416687923,2.88165191835597,4.44817974811678,8.74325750192983
7.57525426644342,2.9654581102824,4.91705235390608,10.0712179657554
7.14842579211394,3.52074040606271,5.01319447946155,10.3007947989724
11.3559736265053,2.95220085719511,5.59035325815943,9.24639959592487
6.54305974289281,3.16323743098416,4.0427365570238,6.49166389214972
3.39255084277641,3.33280635608925,3.64130856321755,7.72476989902442
50.8623666156471,3.76499002076428,18.4139205471079,29.7300804376713
5.54222682258886,3.33951103191389,4.14245974911295,7.61738391902451
14.5547027381618,3.3314697261857,6.88096298568019,11.3040218932071
4.4533024100457,2.68121594077919,3.28147716291774,5.88000551101435
10.4758871290345,3.53328727376433,5.27503718102839,7.77531104294089
19.6460759567898,3.38132868194333,8.58433826415201,14.7160314446158
38.249261270996,3.07601447786587,14.778991234793,24.7738118224957
9.66381836062427,2.82085658265514,5.4264372653426,10.4364281132377
8.67837362258301,2.99487019867305,5.06736797416025,9.96201864768416
11.3503269527258,3.40913446712695,6.1117061585554,11.2725332975429
39.6834202097805,3.44426451333664,14.5274439640305,21.0179631354101
-2.70778808604417,3.33925508224563,1.88592515277518,5.83131203265763
22.6824735733479,2.97712026034946,8.79820323935335,12.0255669877894
10.291867130343,3.75710310354848,5.88742711518271,10.9817273124062
2.62327499083645,3.07109978911728,3.04994738003356,6.53923782173889
15.0313731266568,3.56636718504672,7.03219848189781,10.946675370289
9.02491930599427,3.17124948036744,4.72603391416934,6.76959321407319
6.32890252703648,3.30543221869903,4.7974078704365,10.5087995010644
1.73358328117226,3.44098040796957,3.06914573219449,6.56979730583699
7.17568613324305,2.90314799253549,4.63496710568138,9.32930876968735
13.8952944633769,3.5692752368685,6.03406255504512,7.81173533780354
12.4103240042621,2.83756359506869,5.63806202440811,8.56694445826196
11.2113854819672,3.74093940706067,5.73439215790308,8.55248601113837
